{
  "main": {
    "name": "Naz Dumanskyy",
    "occupation": "Head Instructor @CleverProgrammer",
    "description": "Full Stack Developer and Lead Instructor at Clever Programmer.",
    "image": "Naz.jpg",
    "bio": "My name is Naz, I'm a Full Stack ReactJS Developer. Currently I'm working at Clever Programmer.",
    "contactmessage": "Get in touch with me to receive further details, get coached or anything else.",
    "email": "naz@cleverprogrammer.com",
    "phone": "+1 800 NAZ DUMA",
    "address": {
      "street": "123 Fake Street",
      "city": "Beverly Hills",
      "state": "CA",
      "zip": "90035"
    },
    "website": "http://www.timbakerdev.com",
    "resumedownload": "http://timbakerdev.com",
    "social": [
      {
        "name": "facebook",
        "url": "https://www.facebook.com/nazariy1995",
        "className": "fa fa-facebook"
      },
      {
        "name": "linkedin",
        "url": "https://www.linkedin.com/in/nazariydumanskyy/",
        "className": "fa fa-linkedin"
      },
      {
        "name": "instagram",
        "url": "https://www.instagram.com/nazdumanskyy/",
        "className": "fa fa-instagram"
      },
      {
        "name": "github",
        "url": "https://github.com/Nazariy995",
        "className": "fa fa-github"
      }
    ]
  },
  "resume": {
    "skillmessage": "Here you can create a short write-up of your skills to show off to employers",
    "education": [
      {
        "school": "University of Michigan - Dearborn",
        "degree": "Bachelor's Degree, Computer Science",
        "graduated": "January 2017",
        "description": "Graduated with Distinction"
      }
    ],
    "work": [
      {
        "company": "Clever Programmer",
        "title": "JavaScript/Python Specialist",
        "years": "May 2019 - Present",
        "description": "Transforming the lives of people by teaching them how to become successful developers no matter if they are a beginner or not!"
      },
      {
        "company": "NazaWEb",
        "title": "Founder / Developer",
        "years": "Jan 2019 - Present",
        "description": "Helping businesses showing their best selves to clients."
      }
    ],
    "skills": [
      {
        "name": "ReactJs",
        "level": "100%"
      },
      {
        "name": "Python",
        "level": "95%"
      },
      {
        "name": "Git",
        "level": "75%"
      },
      {
        "name": "JavaScript",
        "level": "100%"
      },
      {
        "name": "MongoDB",
        "level": "80%"
      }
    ]
  },
  "portfolio": {
    "projects": [
      {
        "title": "Zoom Clone with NodeJS",
        "category": "Zoom Clone built with NodeJS",
        "image": "zoom.jpg",
        "url": "https://www.youtube.com/watch?v=ZVznzY7EjuY"
      },
      {
        "title": "Robinhood Clone",
        "category": "Robinhood Clone built with ReactJS",
        "image": "robinhood.jpg",
        "url": "https://www.youtube.com/watch?v=g8yGxDMyGiE"
      }
    ]
  },
  "testimonials": {
    "testimonials": [
      {
        "text": "Here you should write some nice things that someone has said about you. No lies though, employers can tell when you are lying.",
        "user": "Kareem Abdul Jabbar"
      },
      {
        "text": "That Naz must be one of the most brilliant developers I've ever met! It is amazing that nobody has hired him yet. Hey you, you should hire this guy, he may be fresh out of University and have zero on the job experience but I am confident that he will be one of your best developers in no time!",
        "user": "Steve Wozniak... impersonator"
      }
    ]
  }
}